"Nr","TBNR","Tatbestand"
"1","000000","Sonstige Vergehen"
"2","101024","Sie stellten das Fahrzeug so ab, dass ein anderes Fahrzeug nicht wegfahren konnte."
"3","101048","Sie behinderten +) durch das Parken auf einer Fußgängerfurt der Lichtzeichenanlage Andere."
"4","101060","Sie behinderten +) durch das Parken Andere."
"5","101133","Sie behinderten +) durch das Abstellen eines Elektrokleinstfahrzeugs auf <dem Gehweg/der Radverkehrsanlage/der Fahrbahn/einer Verkehrsfläche> Andere."
"6","102118","Sie benutzten verbotenerweise den Grünstreifen."
"7","112020","Sie parkten vorschriftswidrig auf dem Seitenstreifen."
"8","112030","Sie parkten verbotenerweise auf <der Verkehrsinsel/dem Grünstreifen>."
"9","112040","Sie hielten verbotswidrig auf <der linken Fahrbahnseite/dem linken Seitenstreifen>."
"10","112041","Sie hielten verbotswidrig auf <der linken Fahrbahnseite/dem linken Seitenstreifen> und behinderten +) dadurch Andere."
"11","112042","Sie parkten verbotswidrig auf <der linken Fahrbahnseite/dem linken Seitenstreifen>."
"12","112043","Sie parkten verbotswidrig auf <der linken Fahrbahnseite/dem linken Seitenstreifen> und behinderten +) dadurch Andere."
"13","112044","Sie parkten länger als 1 Stunde verbotswidrig auf <der linken Fahrbahnseite/dem linken Seitenstreifen>."
"14","112045","Sie parkten länger als 1 Stunde verbotswidrig auf <der linken Fahrbahnseite/dem linken Seitenstreifen> und behinderten +) dadurch Andere."
"15","112050","Sie hielten verbotswidrig auf dem Gehweg."
"16","112051","Sie hielten verbotswidrig auf dem Gehweg und behinderten +) dadurch Andere."
"17","112060","Sie hielten nicht am rechten Fahrbahnrand."
"18","112061","Sie hielten nicht am rechten Fahrbahnrand und behinderten +) dadurch Andere."
"19","112062","Sie parkten nicht am rechten Fahrbahnrand."
"20","112063","Sie parkten nicht am rechten Fahrbahnrand und behinderten +) dadurch Andere."
"21","112064","Sie parkten länger als 1 Stunde nicht am rechten Fahrbahnrand."
"22","112065","Sie parkten länger als 1 Stunde nicht am rechten Fahrbahnrand und behinderten +) dadurch Andere."
"23","112070","Sie hielten auf einem unbeschilderten Radweg."
"24","112071","Sie hielten auf einem unbeschilderten Radweg und behinderten +) dadurch Andere."
"25","112076","Sie parkten in der Einbahnstraße entgegen der Fahrtrichtung."
"26","112100","Sie hielten an einer <engen/unübersichtlichen> Straßenstelle."
"27","112101","Sie hielten an einer <engen/unübersichtlichen> Straßenstelle und behinderten +) dadurch den fließenden Verkehr."
"28","112102","Sie parkten an einer <engen/unübersichtlichen> Straßenstelle."
"29","112103","Sie parkten an einer <engen/unübersichtlichen> Straßenstelle und behinderten +) dadurch den fließenden Verkehr."
"30","112104","Sie parkten länger als 1 Stunde an einer <engen/unübersichtlichen> Straßenstelle."
"31","112105","Sie parkten länger als 1 Stunde an einer <engen/unübersichtlichen> Straßenstelle und behinderten +) dadurch den fließenden Verkehr."
"32","112110","Sie hielten im Bereich einer scharfen Kurve."
"33","112111","Sie hielten im Bereich einer scharfen Kurve und behinderten +) dadurch den fließenden Verkehr."
"34","112112","Sie parkten im Bereich einer scharfen Kurve."
"35","112113","Sie parkten im Bereich einer scharfen Kurve und behinderten +) dadurch den fließenden Verkehr."
"36","112114","Sie parkten länger als 1 Stunde im Bereich einer scharfen Kurve."
"37","112115","Sie parkten länger als 1 Stunde im Bereich einer scharfen Kurve und behinderten +) dadurch den fließenden Verkehr."
"38","112120","Sie hielten verbotswidrig auf einem Einfädelungsstreifen bzw. auf einem Ausfädelungsstreifen."
"39","112121","Sie hielten verbotswidrig auf einem Einfädelungsstreifen bzw. auf einem Ausfädelungsstreifen und behinderten +) dadurch Andere."
"40","112210","Sie hielten vor oder in einer amtlich gekennzeichneten Feuerwehrzufahrt."
"41","112211","Sie hielten vor oder in einer amtlich gekennzeichneten Feuerwehrzufahrt und behinderten +) dadurch ein Rettungsfahrzeug im Einsatz."
"42","112216","Sie parkten vor oder in einer amtlich gekennzeichneten Feuerwehrzufahrt."
"43","112262","Sie parkten weniger als 5 Meter vor der <Kreuzung/Einmündung>."
"44","112263","Sie parkten weniger als 5 Meter vor der <Kreuzung/Einmündung> und behinderten +) dadurch Andere."
"45","112264","Sie parkten länger als 3 Stunden weniger als 5 Meter vor der <Kreuzung/Einmündung>."
"46","112265","Sie parkten länger als 3 Stunden weniger als 5 Meter vor der <Kreuzung/Einmündung> und behinderten +) dadurch Andere."
"47","112266","Sie parkten weniger als 8 Meter vor der <Kreuzung/Einmündung>, obwohl in Fahrtrichtung rechts neben der Fahrbahn ein Radweg baulich angelegt ist."
"48","112267","Sie parkten weniger als 8 Meter vor der <Kreuzung/Einmündung>, obwohl in Fahrtrichtung rechts neben der Fahrbahn ein Radweg baulich angelegt ist und behinderten +) dadurch Andere."
"49","112268","Sie parkten länger als 3 Stunden weniger als 8 Meter vor der <Kreuzung/Einmündung>, obwohl in Fahrtrichtung rechts neben der Fahrbahn ein Radweg baulich angelegt ist."
"50","112269","Sie parkten länger als 3 Stunden weniger als 8 Meter vor der <Kreuzung/Einmündung>, obwohl in Fahrtrichtung rechts neben der Fahrbahn ein Radweg baulich angelegt ist und behinderten +) dadurch Andere."
"51","112272","Sie parkten weniger als 5 Meter hinter der <Kreuzung/Einmündung>."
"52","112273","Sie parkten weniger als 5 Meter hinter der <Kreuzung/Einmündung> und behinderten +) dadurch Andere."
"53","112274","Sie parkten länger als 3 Stunden weniger als 5 Meter hinter der <Kreuzung/Einmündung>."
"54","112275","Sie parkten länger als 3 Stunden weniger als 5 Meter hinter der <Kreuzung/Einmündung> und behinderten +) dadurch Andere."
"55","112282","Sie parkten verbotswidrig und verhinderten dadurch die Benutzung gekennzeichneter Parkflächen."
"56","112283","Sie parkten verbotswidrig und verhinderten dadurch die Benutzung gekennzeichneter Parkflächen und behinderten +) dadurch Andere."
"57","112284","Sie parkten länger als 3 Stunden verbotswidrig und verhinderten dadurch die Benutzung gekennzeichneter Parkflächen."
"58","112285","Sie parkten länger als 3 Stunden verbotswidrig und verhinderten dadurch die Benutzung gekennzeichneter Parkflächen und behinderten +) dadurch Andere."
"59","112292","Sie parkten im Bereich einer Grundstücksein- bzw. -ausfahrt."
"60","112293","Sie parkten im Bereich einer Grundstücksein- bzw. -ausfahrt und behinderten +) dadurch Andere."
"61","112294","Sie parkten länger als 3 Stunden im Bereich einer Grundstücksein- bzw. -ausfahrt."
"62","112295","Sie parkten länger als 3 Stunden im Bereich einer Grundstücksein- bzw. -ausfahrt und behinderten +) dadurch Andere."
"63","112302","Sie parkten auf einer schmalen Fahrbahn gegenüber einer Grundstücksein- bzw. -ausfahrt."
"64","112303","Sie parkten auf einer schmalen Fahrbahn gegenüber einer Grundstücksein- bzw. -ausfahrt und behinderten +) dadurch Andere."
"65","112304","Sie parkten länger als 3 Stunden auf einer schmalen Fahrbahn gegenüber einer Grundstücksein- bzw. -ausfahrt."
"66","112305","Sie parkten länger als 3 Stunden auf einer schmalen Fahrbahn gegenüber einer Grundstücksein- bzw. -ausfahrt und behinderten +) dadurch Andere."
"67","112322","Sie parkten auf einem Gehweg, auf dem das Parken erlaubt ist, verbotswidrig über einem Schachtdeckel oder sonstigen Verschluss."
"68","112323","Sie parkten auf einem Gehweg, auf dem das Parken erlaubt ist, verbotswidrig über einem Schachtdeckel oder sonstigen Verschluss und behinderten +) dadurch Andere."
"69","112324","Sie parkten auf einem Gehweg, auf dem das Parken erlaubt ist, verbotswidrig länger als 3 Stunden über einem Schachtdeckel oder sonstigen Verschluss."
"70","112325","Sie parkten auf einem Gehweg, auf dem das Parken erlaubt ist, verbotswidrig länger als 3 Stunden über einem Schachtdeckel oder sonstigen Verschluss und behinderten +) dadurch Andere."
"71","112372","Sie parkten vor einer Bordsteinabsenkung."
"72","112373","Sie parkten vor einer Bordsteinabsenkung und behinderten +) dadurch Andere."
"73","112374","Sie parkten länger als 3 Stunden vor einer Bordsteinabsenkung."
"74","112375","Sie parkten länger als 3 Stunden vor einer Bordsteinabsenkung und behinderten +) dadurch Andere."
"75","112396","Sie parkten Ihr Kraftfahrzeug mit einer zulässigen Gesamtmasse von mehr als 7,5 t regelmäßig in einem besonderen Gebiet *), obwohl dies für diese Zeit verboten war."
"76","112397","Sie parkten Ihren Kraftfahrzeuganhänger mit einer zulässigen Gesamtmasse von mehr als 2 t regelmäßig in einem besonderen Gebiet *), obwohl dies für diese Zeit verboten war."
"77","112398","Sie parkten den Kraftfahrzeuganhänger ohne Zugfahrzeug länger als zwei Wochen *)."
"78","112426","Sie hielten im Fahrraum von Schienenfahrzeugen."
"79","112427","Sie hielten im Fahrraum von Schienenfahrzeugen und behinderten +) dadurch Andere."
"80","112428","Sie parkten im Fahrraum von Schienenfahrzeugen."
"81","112446","Sie missachteten den Vorrang eines anderen Fahrzeugführers beim Einfahren in eine freie Parklücke."
"82","112454","Sie parkten verbotswidrig auf dem Gehweg."
"83","112456","Sie <hielten/parkten> nicht Platz sparend."
"84","112460","Sie hielten unzulässig in der zweiten Reihe."
"85","112464","Sie parkten unzulässig in der zweiten Reihe."
"86","112474","Sie parkten auf einem unbeschilderten Radweg."
"87","112484","Sie parkten bei zulässigem Gehwegparken (Zeichen 315) nicht auf dem rechten Gehweg."
"88","112494","Sie parkten bei zulässigem Gehwegparken (Zeichen 315) in der Einbahnstraße nicht auf dem Gehweg."
"89","112552","Sie hielten verbotswidrig auf dem Gehweg und gefährdeten +) dadurch Andere."
"90","112553","Sie hielten verbotswidrig auf dem Gehweg. Es kam zum Unfall."
"91","112572","Sie hielten auf einem unbeschilderten Radweg und gefährdeten +) dadurch Andere."
"92","112573","Sie hielten auf einem unbeschilderten Radweg. Es kam zum Unfall."
"93","112600","Sie parkten an einer <engen/unübersichtlichen> Straßenstelle. Bei der vorhandenen Restfahrbahnbreite war eine Durchfahrt für Rettungsfahrzeuge im Einsatz nicht mehr gewährleistet."
"94","112606","Sie parkten im Bereich einer scharfen Kurve. Die Verkehrsfläche im Kurvenbereich war dadurch so stark eingeengt, dass eine Durchfahrt für Rettungsfahrzeuge im Einsatz nicht mehr gewährleistet war."
"95","112612","Sie parkten vor oder in einer amtlich gekennzeichneten Feuerwehrzufahrt und behinderten +) dadurch ein Rettungsfahrzeug im Einsatz."
"96","112618","Sie parkten im Fahrraum von Schienenfahrzeugen und behinderten +) dadurch Andere."
"97","112655","Sie parkten verbotswidrig auf dem Gehweg und behinderten +) dadurch Andere."
"98","112656","Sie parkten länger als 1 Stunde verbotswidrig auf dem Gehweg."
"99","112657","Sie parkten länger als 1 Stunde verbotswidrig auf dem Gehweg und behinderten +) dadurch Andere."
"100","112658","Sie parkten verbotswidrig auf dem Gehweg und gefährdeten +) dadurch Andere."
"101","112659","Sie parkten verbotswidrig auf dem Gehweg. Es kam zum Unfall."
"102","112661","Sie hielten unzulässig in der zweiten Reihe und behinderten +) dadurch Andere."
"103","112662","Sie hielten unzulässig in der zweiten Reihe und gefährdeten +) dadurch Andere."
"104","112663","Sie hielten unzulässig in der zweiten Reihe. Es kam zum Unfall."
"105","112665","Sie parkten unzulässig in der zweiten Reihe und behinderten +) dadurch Andere."
"106","112666","Sie parkten länger als 15 Minuten unzulässig in der zweiten Reihe."
"107","112667","Sie parkten länger als 15 Minuten unzulässig in der zweiten Reihe und behinderten +) dadurch Andere."
"108","112668","Sie parkten unzulässig in der zweiten Reihe und gefährdeten +) dadurch Andere."
"109","112669","Sie parkten unzulässig in der zweiten Reihe. Es kam zum Unfall."
"110","112675","Sie parkten auf einem unbeschilderten Radweg und behinderten +) dadurch Andere."
"111","112676","Sie parkten länger als 1 Stunde auf einem unbeschilderten Radweg."
"112","112677","Sie parkten länger als 1 Stunde auf einem unbeschilderten Radweg und behinderten +) dadurch Andere."
"113","112678","Sie parkten auf einem unbeschilderten Radweg und gefährdeten +) dadurch Andere"
"114","112679","Sie parkten auf einem unbeschilderten Radweg. Es kam zum Unfall."
"115","112685","Sie parkten bei zulässigem Gehwegparken (Zeichen 315) nicht auf dem rechten Gehweg und behinderten +) dadurch Andere."
"116","112686","Sie parkten länger als 1 Stunde bei zulässigem Gehwegparken (Zeichen 315) nicht auf dem rechten Gehweg."
"117","112687","Sie parkten länger als 1 Stunde bei zulässigem Gehwegparken (Zeichen 315) nicht auf dem rechten Gehweg und behinderten +) dadurch Andere."
"118","112688","Sie parkten bei zulässigem Gehwegparken (Zeichen 315) nicht auf dem rechten Gehweg und gefährdeten +) dadurch Andere."
"119","112689","Sie parkten bei zulässigem Gehwegparken (Zeichen 315) nicht auf dem rechten Gehweg. Es kam zum Unfall."
"120","112695","Sie parkten bei zulässigem Gehwegparken (Zeichen 315) in der Einbahnstraße nicht auf dem Gehweg und behinderten +) dadurch Andere."
"121","112696","Sie parkten länger als 1 Stunde bei zulässigem Gehwegparken (Zeichen 315) in der Einbahnstraße nicht auf dem Gehweg."
"122","112697","Sie parkten länger als 1 Stunde bei zulässigem Gehwegparken (Zeichen 315) in der Einbahnstraße nicht auf dem Gehweg und behinderten +) dadurch Andere."
"123","112698","Sie parkten bei zulässigem Gehwegparken (Zeichen 315) in der Einbahnstraße nicht auf dem Gehweg und gefährdeten +) dadurch Andere."
"124","112699","Sie parkten bei zulässigem Gehwegparken (Zeichen 315) in der Einbahnstraße nicht auf dem Gehweg. Es kam zum Unfall."
"125","113100","Sie parkten an einer abgelaufenen Parkuhr."
"126","113101","Sie parkten an einer abgelaufenen Parkuhr - länger als 30 Minuten."
"127","113102","Sie parkten an einer abgelaufenen Parkuhr - länger als 1 Stunde."
"128","113103","Sie parkten an einer abgelaufenen Parkuhr - länger als 2 Stunden."
"129","113104","Sie parkten an einer abgelaufenen Parkuhr - länger als 3 Stunden."
"130","113120","Sie überschritten <an einer Parkuhr die zulässige/im Bereich eines Parkscheinautomaten die auf dem Parkschein angegebene> Parkzeit."
"131","113121","Sie überschritten <an einer Parkuhr die zulässige/im Bereich eines Parkscheinautomaten die auf dem Parkschein angegebene> Parkzeit - länger als 30 Minuten."
"132","113122","Sie überschritten <an einer Parkuhr die zulässige/im Bereich eines Parkscheinautomaten die auf dem Parkschein angegebene> Parkzeit - länger als 1 Stunde."
"133","113123","Sie überschritten <an einer Parkuhr die zulässige/im Bereich eines Parkscheinautomaten die auf dem Parkschein angegebene> Parkzeit - länger als 2 Stunden."
"134","113124","Sie überschritten <an einer Parkuhr die zulässige/im Bereich eines Parkscheinautomaten die auf dem Parkschein angegebene> Parkzeit - länger als 3 Stunden."
"135","113140","Sie parkten im Bereich eines Parkscheinautomaten ohne gültigen Parkschein."
"136","113141","Sie parkten im Bereich eines Parkscheinautomaten ohne gültigen Parkschein - länger als 30 Minuten."
"137","113142","Sie parkten im Bereich eines Parkscheinautomaten ohne gültigen Parkschein - länger als 1 Stunde."
"138","113143","Sie parkten im Bereich eines Parkscheinautomaten ohne gültigen Parkschein - länger als 2 Stunden."
"139","113144","Sie parkten im Bereich eines Parkscheinautomaten ohne gültigen Parkschein - länger als 3 Stunden."
"140","113150","Sie parkten im Bereich eines Parkscheinautomaten, ohne den Parkschein von außen gut lesbar im oder am Fahrzeug angebracht zu haben."
"141","113151","Sie parkten im Bereich eines Parkscheinautomaten, ohne den Parkschein von außen gut lesbar im oder am Fahrzeug angebracht zu haben - länger als 30 Minuten."
"142","113152","Sie parkten im Bereich eines Parkscheinautomaten, ohne den Parkschein von außen gut lesbar im oder am Fahrzeug angebracht zu haben - länger als 1 Stunde."
"143","113153","Sie parkten im Bereich eines Parkscheinautomaten, ohne den Parkschein von außen gut lesbar im oder am Fahrzeug angebracht zu haben - länger als 2 Stunden."
"144","113154","Sie parkten im Bereich eines Parkscheinautomaten, ohne den Parkschein von außen gut lesbar im oder am Fahrzeug angebracht zu haben - länger als 3 Stunden."
"145","113160","Sie überschritten <an einer nicht funktionsfähigen Parkuhr/im Bereich eines nicht funktionsfähigen Parkscheinautomaten> bei Verwendung einer Parkscheibe (Bild 318) die zulässige Höchstparkdauer."
"146","113161","Sie überschritten <an einer nicht funktionsfähigen Parkuhr/im Bereich eines nicht funktionsfähigen Parkscheinautomaten> bei Verwendung einer Parkscheibe (Bild 318) die zulässige Höchstparkdauer - länger als 30 Minuten."
"147","113162","Sie überschritten <an einer nicht funktionsfähigen Parkuhr/im Bereich eines nicht funktionsfähigen Parkscheinautomaten> bei Verwendung einer Parkscheibe (Bild 318) die zulässige Höchstparkdauer - länger als 1 Stunde."
"148","113163","Sie überschritten <an einer nicht funktionsfähigen Parkuhr/im Bereich eines nicht funktionsfähigen Parkscheinautomaten> bei Verwendung einer Parkscheibe (Bild 318) die zulässige Höchstparkdauer - länger als 2 Stunden."
"149","113164","Sie überschritten <an einer nicht funktionsfähigen Parkuhr/im Bereich eines nicht funktionsfähigen Parkscheinautomaten> bei Verwendung einer Parkscheibe (Bild 318) die zulässige Höchstparkdauer - länger als 3 Stunden."
"150","113180","Sie parkten <an einer nicht funktionsfähigen Parkuhr/im Bereich eines nicht funktionsfähigen Parkscheinautomaten>, ohne eine Parkscheibe (Bild 318) von außen gut lesbar im oder am Fahrzeug angebracht zu haben."
"151","113181","Sie parkten <an einer nicht funktionsfähigen Parkuhr/im Bereich eines nicht funktionsfähigen Parkscheinautomaten>, ohne eine Parkscheibe (Bild 318) von außen gut lesbar im oder am Fahrzeug angebracht zu haben - länger als 30 Minuten."
"152","113182","Sie parkten <an einer nicht funktionsfähigen Parkuhr/im Bereich eines nicht funktionsfähigen Parkscheinautomaten>, ohne eine Parkscheibe (Bild 318) von außen gut lesbar im oder am Fahrzeug angebracht zu haben - länger als 1 Stunde."
"153","113183","Sie parkten <an einer nicht funktionsfähigen Parkuhr/im Bereich eines nicht funktionsfähigen Parkscheinautomaten>, ohne eine Parkscheibe (Bild 318) von außen gut lesbar im oder am Fahrzeug angebracht zu haben - länger als 2 Stunden."
"154","113184","Sie parkten <an einer nicht funktionsfähigen Parkuhr/im Bereich eines nicht funktionsfähigen Parkscheinautomaten>, ohne eine Parkscheibe (Bild 318) von außen gut lesbar im oder am Fahrzeug angebracht zu haben - länger als 3 Stunden."
"155","113200","Sie parkten <an einer nicht funktionsfähigen Parkuhr/im Bereich eines nicht funktionsfähigen Parkscheinautomaten>, ohne die Parkscheibe (Bild 318) richtig eingestellt zu haben."
"156","113201","Sie parkten <an einer nicht funktionsfähigen Parkuhr/im Bereich eines nicht funktionsfähigen Parkscheinautomaten>, ohne die Parkscheibe (Bild 318) richtig eingestellt zu haben - länger als 30 Minuten."
"157","113202","Sie parkten <an einer nicht funktionsfähigen Parkuhr/im Bereich eines nicht funktionsfähigen Parkscheinautomaten>, ohne die Parkscheibe (Bild 318) richtig eingestellt zu haben - länger als 1 Stunde."
"158","113203","Sie parkten <an einer nicht funktionsfähigen Parkuhr/im Bereich eines nicht funktionsfähigen Parkscheinautomaten>, ohne die Parkscheibe (Bild 318) richtig eingestellt zu haben - länger als 2 Stunden."
"159","113204","Sie parkten <an einer nicht funktionsfähigen Parkuhr/im Bereich eines nicht funktionsfähigen Parkscheinautomaten>, ohne die Parkscheibe (Bild 318) richtig eingestellt zu haben - länger als 3 Stunden."
"160","113220","Sie überschritten im Bereich eines eingeschränkten Haltverbots für eine Zone (Zeichen 290.1, 290.2) die zulässige Höchstparkdauer."
"161","113221","Sie überschritten im Bereich eines eingeschränkten Haltverbots für eine Zone (Zeichen 290.1, 290.2) die zulässige Höchstparkdauer - länger als 30 Minuten."
"162","113222","Sie überschritten im Bereich eines eingeschränkten Haltverbots für eine Zone (Zeichen 290.1, 290.2) die zulässige Höchstparkdauer - länger als 1 Stunde."
"163","113223","Sie überschritten im Bereich eines eingeschränkten Haltverbots für eine Zone (Zeichen 290.1, 290.2) die zulässige Höchstparkdauer - länger als 2 Stunden."
"164","113224","Sie überschritten im Bereich eines eingeschränkten Haltverbots für eine Zone (Zeichen 290.1, 290.2) die zulässige Höchstparkdauer - länger als 3 Stunden."
"165","113240","Sie parkten im Bereich eines eingeschränkten Haltverbots für eine Zone (Zeichen 290.1, 290.2), ohne die durch Zusatzzeichen vorgeschriebene Parkscheibe (Bild 318) von außen gut lesbar im oder am Fahrzeug angebracht zu haben."
"166","113241","Sie parkten im Bereich eines eingeschränkten Haltverbots für eine Zone (Zeichen 290.1, 290.2), ohne die durch Zusatzzeichen vorgeschriebene Parkscheibe (Bild 318) von außen gut lesbar im oder am Fahrzeug angebracht zu haben - länger als 30 Minuten."
"167","113242","Sie parkten im Bereich eines eingeschränkten Haltverbots für eine Zone (Zeichen 290.1, 290.2), ohne die durch Zusatzzeichen vorgeschriebene Parkscheibe (Bild 318) von außen gut lesbar im oder am Fahrzeug angebracht zu haben - länger als 1 Stunde."
"168","113243","Sie parkten im Bereich eines eingeschränkten Haltverbots für eine Zone (Zeichen 290.1, 290.2), ohne die durch Zusatzzeichen vorgeschriebene Parkscheibe (Bild 318) von außen gut lesbar im oder am Fahrzeug angebracht zu haben - länger als 2 Stunden."
"169","113244","Sie parkten im Bereich eines eingeschränkten Haltverbots für eine Zone (Zeichen 290.1, 290.2), ohne die durch Zusatzzeichen vorgeschriebene Parkscheibe (Bild 318) von außen gut lesbar im oder am Fahrzeug angebracht zu haben - länger als 3 Stunden."
"170","113260","Sie parkten im Bereich eines eingeschränkten Haltverbots für eine Zone (Zeichen 290.1, 290.2), ohne die Parkscheibe (Bild 318) richtig eingestellt zu haben."
"171","113261","Sie parkten im Bereich eines eingeschränkten Haltverbots für eine Zone (Zeichen 290.1, 290.2), ohne die Parkscheibe (Bild 318) richtig eingestellt zu haben - länger als 30 Minuten."
"172","113262","Sie parkten im Bereich eines eingeschränkten Haltverbots für eine Zone (Zeichen 290.1, 290.2), ohne die Parkscheibe (Bild 318) richtig eingestellt zu haben - länger als 1 Stunde."
"173","113263","Sie parkten im Bereich eines eingeschränkten Haltverbots für eine Zone (Zeichen 290.1, 290.2), ohne die Parkscheibe (Bild 318) richtig eingestellt zu haben - länger als 2 Stunden."
"174","113264","Sie parkten im Bereich eines eingeschränkten Haltverbots für eine Zone (Zeichen 290.1, 290.2), ohne die Parkscheibe (Bild 318) richtig eingestellt zu haben - länger als 3 Stunden."
"175","113280","Sie überschritten bei Zeichen <314/315> mit Zusatzzeichen die zulässige Höchstparkdauer."
"176","113281","Sie überschritten bei Zeichen <314/315> mit Zusatzzeichen die zulässige Höchstparkdauer - länger als 30 Minuten."
"177","113282","Sie überschritten bei Zeichen <314/315> mit Zusatzzeichen die zulässige Höchstparkdauer - länger als 1 Stunde."
"178","113283","Sie überschritten bei Zeichen <314/315> mit Zusatzzeichen die zulässige Höchstparkdauer - länger als 2 Stunden."
"179","113284","Sie überschritten bei Zeichen <314/315> mit Zusatzzeichen die zulässige Höchstparkdauer - länger als 3 Stunden."
"180","113300","Sie parkten bei Zeichen <314/315>, ohne die durch Zusatzzeichen vorgeschriebene Parkscheibe (Bild 318) von außen gut lesbar im oder am Fahrzeug angebracht zu haben."
"181","113301","Sie parkten bei Zeichen <314/315>, ohne die durch Zusatzzeichen vorgeschriebene Parkscheibe (Bild 318) von außen gut lesbar im oder am Fahrzeug angebracht zu haben - länger als 30 Minuten."
"182","113302","Sie parkten bei Zeichen <314/315>, ohne die durch Zusatzzeichen vorgeschriebene Parkscheibe (Bild 318) von außen gut lesbar im oder am Fahrzeug angebracht zu haben - länger als 1 Stunde."
"183","113303","Sie parkten bei Zeichen <314/315>, ohne die durch Zusatzzeichen vorgeschriebene Parkscheibe (Bild 318) von außen gut lesbar im oder am Fahrzeug angebracht zu haben - länger als 2 Stunden."
"184","113304","Sie parkten bei Zeichen <314/315>, ohne die durch Zusatzzeichen vorgeschriebene Parkscheibe (Bild 318) von außen gut lesbar im oder am Fahrzeug angebracht zu haben - länger als 3 Stunden."
"185","113320","Sie parkten bei Zeichen <314/315>, ohne die durch Zusatzzeichen vorgeschriebene Parkscheibe (Bild 318) richtig eingestellt zu haben."
"186","113321","Sie parkten bei Zeichen <314/315>, ohne die durch Zusatzzeichen vorgeschriebene Parkscheibe (Bild 318) richtig eingestellt zu haben - länger als 30 Minuten."
"187","113322","Sie parkten bei Zeichen <314/315>, ohne die durch Zusatzzeichen vorgeschriebene Parkscheibe (Bild 318) richtig eingestellt zu haben - länger als 1 Stunde."
"188","113323","Sie parkten bei Zeichen <314/315>, ohne die durch Zusatzzeichen vorgeschriebene Parkscheibe (Bild 318) richtig eingestellt zu haben - länger als 2 Stunden."
"189","113324","Sie parkten bei Zeichen <314/315>, ohne die durch Zusatzzeichen vorgeschriebene Parkscheibe (Bild 318) richtig eingestellt zu haben - länger als 3 Stunden."
"190","113330","Sie überschritten im Bereich einer Parkraumbewirtschaftungszone (Zeichen 314.1, 314.2) die zulässige Höchstparkdauer."
"191","113331","Sie überschritten im Bereich einer Parkraumbewirtschaftungszone (Zeichen 314.1, 314.2) die zulässige Höchstparkdauer - länger als 30 Minuten."
"192","113332","Sie überschritten im Bereich einer Parkraumbewirtschaftungszone (Zeichen 314.1, 314.2) die zulässige Höchstparkdauer - länger als 1 Stunde."
"193","113333","Sie überschritten im Bereich einer Parkraumbewirtschaftungszone (Zeichen 314.1, 314.2) die zulässige Höchstparkdauer - länger als 2 Stunden."
"194","113334","Sie überschritten im Bereich einer Parkraumbewirtschaftungszone (Zeichen 314.1, 314.2) die zulässige Höchstparkdauer - länger als 3 Stunden."
"195","113340","Sie parkten im Bereich einer Parkraumbewirtschaftungszone (Zeichen 314.1, 314.2), ohne die durch Zusatzzeichen vorgeschriebene Parkscheibe (Bild 318) von außen gut lesbar im oder am Fahrzeug angebracht zu haben."
"196","113341","Sie parkten im Bereich einer Parkraumbewirtschaftungszone (Zeichen 314.1, 314.2), ohne die durch Zusatzzeichen vorgeschriebene Parkscheibe (Bild 318) von außen gut lesbar im oder am Fahrzeug angebracht zu haben - länger als 30 Minuten."
"197","113342","Sie parkten im Bereich einer Parkraumbewirtschaftungszone (Zeichen 314.1, 314.2), ohne die durch Zusatzzeichen vorgeschriebene Parkscheibe (Bild 318) von außen gut lesbar im oder am Fahrzeug angebracht zu haben - länger als 1 Stunde."
"198","113343","Sie parkten im Bereich einer Parkraumbewirtschaftungszone (Zeichen 314.1, 314.2), ohne die durch Zusatzzeichen vorgeschriebene Parkscheibe (Bild 318) von außen gut lesbar im oder am Fahrzeug angebracht zu haben - länger als 2 Stunden."
"199","113344","Sie parkten im Bereich einer Parkraumbewirtschaftungszone (Zeichen 314.1, 314.2), ohne die durch Zusatzzeichen vorgeschriebene Parkscheibe (Bild 318) von außen gut lesbar im oder am Fahrzeug angebracht zu haben - länger als 3 Stunden."
"200","113350","Sie parkten im Bereich einer Parkraumbewirtschaftungszone (Zeichen 314.1, 314.2), ohne die Parkscheibe (Bild 318) richtig eingestellt zu haben."
"201","113351","Sie parkten im Bereich einer Parkraumbewirtschaftungszone (Zeichen 314.1, 314.2), ohne die Parkscheibe (Bild 318) richtig eingestellt zu haben - länger als 30 Minuten."
"202","113352","Sie parkten im Bereich einer Parkraumbewirtschaftungszone (Zeichen 314.1, 314.2), ohne die Parkscheibe (Bild 318) richtig eingestellt zu haben - länger als 1 Stunde."
"203","113353","Sie parkten im Bereich einer Parkraumbewirtschaftungszone (Zeichen 314.1, 314.2), ohne die Parkscheibe (Bild 318) richtig eingestellt zu haben - länger als 2 Stunden."
"204","113354","Sie parkten im Bereich einer Parkraumbewirtschaftungszone (Zeichen 314.1, 314.2), ohne die Parkscheibe (Bild 318) richtig eingestellt zu haben - länger als 3 Stunden."
"205","118012","Sie hielten auf der <Autobahn/Kraftfahrstraße> und behinderten +) dadurch Andere."
"206","118178","Sie hielten auf der <Autobahn/Kraftfahrstraße>."
"207","118704","Sie parkten auf der <Autobahn/Kraftfahrstraße>."
"208","118705","Sie parkten auf der <Autobahn/Kraftfahrstraße> und gefährdeten +) dadurch Andere."
"209","118706","Sie parkten auf der <Autobahn/Kraftfahrstraße>. Es kam zum Unfall."
"210","137010","Sie hielten näher als 10 Meter vor einem Lichtzeichen und verdeckten dieses."
"211","137011","Sie hielten näher als 10 Meter vor einem Lichtzeichen und verdeckten dieses, wodurch Andere behindert +) wurden."
"212","137012","Sie parkten näher als 10 Meter vor einem Lichtzeichen und verdeckten dieses."
"213","137013","Sie parkten näher als 10 Meter vor einem Lichtzeichen und verdeckten dieses, wodurch Andere behindert +) wurden."
"214","137014","Sie parkten länger als 1 Stunde näher als 10 Meter vor einem Lichtzeichen und verdeckten dieses."
"215","137015","Sie parkten länger als 1 Stunde näher als 10 Meter vor einem Lichtzeichen und verdeckten dieses, wodurch Andere behindert +) wurden."
"216","141015","Sie parkten nicht entsprechend der Parkflächenmarkierung."
"217","141018","Sie parkten nicht entsprechend der Parkflächenmarkierung und behinderten +) dadurch Andere."
"218","141020","Sie hielten auf einer Fahrradstraße (Zeichen 244.1, 244.2)."
"219","141021","Sie hielten auf einer Fahrradstraße (Zeichen 244.1, 244.2) und behinderten +) dadurch Andere."
"220","141026","Sie parkten innerhalb einer Grenzmarkierung (Zeichen 299) für ein Parkverbot."
"221","141027","Sie parkten innerhalb einer Grenzmarkierung (Zeichen 299) für ein Parkverbot und behinderten +) dadurch Andere."
"222","141028","Sie parkten länger als 3 Stunden innerhalb einer Grenzmarkierung (Zeichen 299) für ein Parkverbot."
"223","141029","Sie parkten länger als 3 Stunden innerhalb einer Grenzmarkierung (Zeichen 299) für ein Parkverbot und behinderten +) dadurch Andere."
"224","141030","Sie hielten auf einem Reitweg (Zeichen 238)."
"225","141031","Sie hielten auf einem Reitweg (Zeichen 238) und behinderten +) dadurch Andere."
"226","141032","Sie parkten in einem Verkehrsbereich, der für Sie durch Zeichen 257-<50/54/55/56/57/58> gesperrt war."
"227","141042","Sie parkten auf einem Gehweg, der durch Parkflächenmarkierung zum Gehwegparken freigegeben war, obwohl Ihr Fahrzeug mehr als 2,8 t zulässige Gesamtmasse hat."
"228","141043","Sie parkten auf einem Gehweg, der durch Parkflächenmarkierung zum Gehwegparken freigegeben war, obwohl Ihr Fahrzeug mehr als 2,8 t zulässige Gesamtmasse hat, und behinderten +) dadurch Andere."
"229","141044","Sie parkten länger als 1 Stunde auf einem Gehweg, der durch Parkflächenmarkierung zum Gehwegparken freigegeben war, obwohl Ihr Fahrzeug mehr als 2,8 t zulässige Gesamtmasse hat."
"230","141045","Sie parkten länger als 1 Stunde auf einem Gehweg, der durch Parkflächenmarkierung zum Gehwegparken freigegeben war, obwohl Ihr Fahrzeug mehr als 2,8 t zulässige Gesamtmasse hat, und behinderten +) dadurch Andere."
"231","141050","Sie hielten verbotswidrig im Bereich <einer Feuerwehranfahrtszone/einer Feuerwehrzufahrt/eines Rettungsweges> (Zeichen 283 mit Zusatzzeichen)."
"232","141051","Sie hielten verbotswidrig im Bereich <einer Feuerwehranfahrtszone/einer Feuerwehrzufahrt/eines Rettungsweges> (Zeichen 283 mit Zusatzzeichen) und behinderten +) dadurch ein Rettungsfahrzeug im Einsatz."
"233","141056","Sie parkten verbotswidrig im Bereich <einer Feuerwehranfahrtszone/einer Feuerwehrzufahrt/eines Rettungsweges> (Zeichen 283 mit Zusatzzeichen)."
"234","141070","Sie hielten auf einem <Radweg/Radfahrstreifen> (Zeichen 237)."
"235","141071","Sie hielten auf einem <Radweg/Radfahrstreifen> (Zeichen 237) und behinderten +) dadurch Andere."
"236","141082","Sie parkten in einem Verkehrsbereich, der für Sie durch Zeichen <262/263/264/265/266/267> gesperrt war."
"237","141090","Sie hielten auf einem Geh- und Radweg (Zeichen <240/241>)."
"238","141091","Sie hielten auf einem Geh- und Radweg (Zeichen <240/241>) und behinderten +) dadurch Andere."
"239","141118","Sie parkten im eingeschränkten Haltverbot für eine Zone (Zeichen 290.1, 290.2)."
"240","141119","Sie parkten im eingeschränkten Haltverbot für eine Zone (Zeichen 290.1, 290.2) und behinderten +) dadurch Andere."
"241","141120","Sie hielten auf einem Bussonderfahrstreifen (Zeichen 245)."
"242","141121","Sie parkten länger als 1 Stunde im eingeschränkten Haltverbot für eine Zone (Zeichen 290.1, 290.2)."
"243","141122","Sie parkten länger als 1 Stunde im eingeschränkten Haltverbot für eine Zone (Zeichen 290.1, 290.2) und behinderten +) dadurch Andere."
"244","141123","Sie hielten innerhalb einer Grenzmarkierung (Zeichen 299) für ein Haltverbot im Bereich eines Bussonderfahrstreifens (Zeichen 245)."
"245","141124","Sie parkten auf einer Fahrradstraße (Zeichen 244.1, 244.2)."
"246","141125","Sie parkten auf einem Bussonderfahrstreifen (Zeichen 245)."
"247","141159","Sie hielten mit einem Kraftfahrzeug bis 3,5 t zulässiger Gesamtmasse mit Anhänger oder einem Kraftomnibus <auf dem Gehweg/auf dem gemeinsamen Geh- und Radweg/auf dem Gehweg eines getrennten Rad- und Gehwegs/im Bereich einer Fußgängerzone>, obwohl dieser für Sie durch Zeichen <239/240/241/242.1> gesperrt war."
"248","141164","Sie parkten in einem Verkehrsbereich, der durch Zeichen <250/251/253/255/260> gesperrt war."
"249","141166","Sie hielten mit einem Kraftfahrzeug <auf dem Gehweg/auf dem gemeinsamen Geh- und Radweg/auf dem Gehweg eines getrennten Rad- und Gehwegs/im Bereich einer Fußgängerzone>, obwohl dieser für Sie durch Zeichen <239/240/241/242.1> gesperrt war."
"250","141174","Sie parkten auf einem <Radweg/Radfahrstreifen> (Zeichen 237)."
"251","141184","Sie parkten <auf dem Gehweg/auf dem gemeinsamen Geh- und Radweg/auf dem Gehweg eines getrennten Rad- und Gehwegs/im Bereich einer Fußgängerzone>, der durch Zeichen <239/240/241/242.1> gesperrt war."
"252","141194","Sie parkten auf einem Geh- und Radweg (Zeichen <240/241>)."
"253","141245","Sie benutzten die Sperrfläche (Zeichen 298) zum Parken."
"254","141290","Sie hielten auf einem Fußgängerüberweg."
"255","141291","Sie hielten auf einem Fußgängerüberweg und behinderten +) dadurch Andere."
"256","141292","Sie parkten auf einem Fußgängerüberweg."
"257","141293","Sie parkten auf einem Fußgängerüberweg und behinderten +) dadurch Andere."
"258","141294","Sie parkten länger als 1 Stunde auf einem Fußgängerüberweg."
"259","141295","Sie parkten länger als 1 Stunde auf einem Fußgängerüberweg und behinderten +) dadurch Andere."
"260","141300","Sie hielten in einem Abstand von weniger als 5 Metern vor einem Fußgängerüberweg."
"261","141301","Sie hielten in einem Abstand von weniger als 5 Metern vor einem Fußgängerüberweg und behinderten +) dadurch Andere."
"262","141302","Sie parkten in einem Abstand von weniger als 5 Metern vor einem Fußgängerüberweg."
"263","141303","Sie parkten in einem Abstand von weniger als 5 Metern vor einem Fußgängerüberweg und behinderten +) dadurch Andere."
"264","141304","Sie parkten länger als 1 Stunde in einem Abstand von weniger als 5 Metern vor einem Fußgängerüberweg."
"265","141305","Sie parkten länger als 1 Stunde in einem Abstand von weniger als 5 Metern vor einem Fußgängerüberweg und behinderten +) dadurch Andere."
"266","141310","Sie hielten im absoluten Haltverbot (Zeichen 283)."
"267","141311","Sie hielten im absoluten Haltverbot (Zeichen 283) und behinderten +) dadurch Andere."
"268","141312","Sie parkten im absoluten Haltverbot (Zeichen 283)."
"269","141313","Sie parkten im absoluten Haltverbot (Zeichen 283) und behinderten +) dadurch Andere."
"270","141314","Sie parkten länger als 1 Stunde im absoluten Haltverbot (Zeichen 283)."
"271","141315","Sie parkten länger als 1 Stunde im absoluten Haltverbot (Zeichen 283) und behinderten +) dadurch Andere."
"272","141322","Sie parkten unzulässig im eingeschränkten Haltverbot (Zeichen 286)."
"273","141323","Sie parkten unzulässig im eingeschränkten Haltverbot (Zeichen 286) und behinderten +) dadurch Andere."
"274","141324","Sie parkten unzulässig länger als 1 Stunde im eingeschränkten Haltverbot (Zeichen 286)."
"275","141325","Sie parkten unzulässig länger als 1 Stunde im eingeschränkten Haltverbot (Zeichen 286) und behinderten +) dadurch Andere."
"276","141330","Sie hielten links von einer Fahrbahnbegrenzung (Zeichen 295)."
"277","141331","Sie hielten links von einer Fahrbahnbegrenzung (Zeichen 295) und behinderten +) dadurch Andere."
"278","141332","Sie parkten links von einer Fahrbahnbegrenzung (Zeichen 295)."
"279","141333","Sie parkten links von einer Fahrbahnbegrenzung (Zeichen 295) und behinderten +) dadurch Andere."
"280","141334","Sie parkten länger als 1 Stunde links von einer Fahrbahnbegrenzung (Zeichen 295)."
"281","141335","Sie parkten länger als 1 Stunde links von einer Fahrbahnbegrenzung (Zeichen 295) und behinderten +) dadurch Andere."
"282","141340","Sie hielten auf einem durch Richtungspfeile (Zeichen 297) gekennzeichneten Fahrbahnteil."
"283","141341","Sie hielten auf einem durch Richtungspfeile (Zeichen 297) gekennzeichneten Fahrbahnteil und behinderten +) dadurch Andere."
"284","141342","Sie parkten auf einem durch Richtungspfeile (Zeichen 297) gekennzeichneten Fahrbahnteil."
"285","141343","Sie parkten auf einem durch Richtungspfeile (Zeichen 297) gekennzeichneten Fahrbahnteil und behinderten +) dadurch Andere."
"286","141344","Sie parkten länger als 1 Stunde auf einem durch Richtungspfeile (Zeichen 297) gekennzeichneten Fahrbahnteil."
"287","141345","Sie parkten länger als 1 Stunde auf einem durch Richtungspfeile (Zeichen 297) gekennzeichneten Fahrbahnteil und behinderten +) dadurch Andere."
"288","141350","Sie hielten innerhalb einer Grenzmarkierung (Zeichen 299) für ein Haltverbot."
"289","141351","Sie hielten innerhalb einer Grenzmarkierung (Zeichen 299) für ein Haltverbot und behinderten +) dadurch Andere."
"290","141352","Sie parkten innerhalb einer Grenzmarkierung (Zeichen 299) für ein Haltverbot."
"291","141353","Sie parkten innerhalb einer Grenzmarkierung (Zeichen 299) für ein Haltverbot und behinderten +) dadurch Andere."
"292","141354","Sie parkten länger als 1 Stunde innerhalb einer Grenzmarkierung (Zeichen 299) für ein Haltverbot."
"293","141355","Sie parkten länger als 1 Stunde innerhalb einer Grenzmarkierung (Zeichen 299) für ein Haltverbot und behinderten +) dadurch Andere."
"294","141360","Sie hielten näher als 10 Meter vor einem <Andreaskreuz (Zeichen 201)/Zeichen 205 (Vorfahrt gewähren.)/Zeichen 206 (Halt. Vorfahrt gewähren.)> und verdeckten dieses."
"295","141361","Sie hielten näher als 10 Meter vor einem <Andreaskreuz (Zeichen 201)/Zeichen 205 (Vorfahrt gewähren.)/Zeichen 206 (Halt. Vorfahrt gewähren.)> und verdeckten dieses, wodurch Andere behindert +) wurden."
"296","141362","Sie parkten näher als 10 Meter vor einem <Andreaskreuz (Zeichen 201)/Zeichen 205 (Vorfahrt gewähren.)/Zeichen 206 (Halt. Vorfahrt gewähren.)> und verdeckten dieses."
"297","141363","Sie parkten näher als 10 Meter vor einem <Andreaskreuz (Zeichen 201)/Zeichen 205 (Vorfahrt gewähren.)/Zeichen 206 (Halt. Vorfahrt gewähren.)> und verdeckten dieses, wodurch Andere behindert +) wurden."
"298","141364","Sie parkten länger als 1 Stunde näher als 10 Meter vor einem <Andreaskreuz (Zeichen 201)/Zeichen 205 (Vorfahrt gewähren.)/Zeichen 206 (Halt. Vorfahrt gewähren.)> und verdeckten dieses."
"299","141365","Sie parkten länger als 1 Stunde näher als 10 Meter vor einem <Andreaskreuz (Zeichen 201)/Zeichen 205 (Vorfahrt gewähren.)/Zeichen 206 (Halt. Vorfahrt gewähren.)> und verdeckten dieses, wodurch Andere behindert +) wurden."
"300","141380","Sie hielten verbotswidrig im Bereich eines Taxenstandes (Zeichen 229)."
"301","141381","Sie hielten verbotswidrig im Bereich eines Taxenstandes (Zeichen 229) und behinderten +) dadurch den Taxenverkehr."
"302","141382","Sie parkten verbotswidrig im Bereich eines Taxenstandes (Zeichen 229)."
"303","141383","Sie parkten verbotswidrig im Bereich eines Taxenstandes (Zeichen 229) und behinderten +) dadurch den Taxenverkehr."
"304","141384","Sie parkten verbotswidrig länger als 1 Stunde im Bereich eines Taxenstandes (Zeichen 229)."
"305","141385","Sie parkten verbotswidrig länger als 1 Stunde im Bereich eines Taxenstandes (Zeichen 229) und behinderten +) dadurch den Taxenverkehr."
"306","141392","Sie parkten im eingeschränkten Haltverbot <(Zeichen 286)/(Zeichen 290.1, 290.2)> mit Zusatzzeichen ""Bewohner mit Parkausweis frei"". Ein besonderer Parkausweis lag nicht gut lesbar aus."
"307","141393","Sie parkten im eingeschränkten Haltverbot <(Zeichen 286)/(Zeichen 290.1, 290.2)> mit Zusatzzeichen ""Bewohner mit Parkausweis frei"" und behinderten +) dadurch Andere. Ein besonderer Parkausweis lag nicht gut lesbar aus."
"308","141394","Sie parkten länger als 1 Stunde im eingeschränkten Haltverbot <(Zeichen 286)/(Zeichen 290.1, 290.2)> mit Zusatzzeichen ""Bewohner mit Parkausweis frei"". Ein besonderer Parkausweis lag nicht gut lesbar aus."
"309","141395","Sie parkten länger als 1 Stunde im eingeschränkten Haltverbot <(Zeichen 286)/(Zeichen 290.1, 290.2)> mit Zusatzzeichen ""Bewohner mit Parkausweis frei"" und behinderten +) dadurch Andere. Ein besonderer Parkausweis lag nicht gut lesbar aus."
"310","141402","Sie parkten in einem Abstand von weniger als 15 Metern von einem Haltestellenschild (Zeichen 224)."
"311","141412","Sie parkten, obwohl zwischen Ihrem Fahrzeug und der Fahrstreifenbegrenzung (Zeichen <295/296>) ein Abstand von weniger als 3 Metern verblieb."
"312","141413","Sie parkten, obwohl zwischen Ihrem Fahrzeug und der Fahrstreifenbegrenzung (Zeichen <295/296>) ein Abstand von weniger als 3 Metern verblieb, und behinderten +) dadurch Andere."
"313","141414","Sie parkten länger als 3 Stunden, obwohl zwischen Ihrem Fahrzeug und der Fahrstreifenbegrenzung (Zeichen <295/296>) ein Abstand von weniger als 3 Metern verblieb."
"314","141415","Sie parkten länger als 3 Stunden, obwohl zwischen Ihrem Fahrzeug und der Fahrstreifenbegrenzung (Zeichen <295/296>) ein Abstand von weniger als 3 Metern verblieb, und behinderten +) dadurch Andere."
"315","141421","Sie parkten innerhalb einer Grenzmarkierung (Zeichen 299) für ein Parkverbot im Bereich <einer Haltestelle (Zeichen 224)/eines Bussonderfahrstreifens (Zeichen 245)>."
"316","141430","Sie hielten verbotswidrig innerhalb des Kreisverkehrs (Zeichen 215) auf der Fahrbahn."
"317","141431","Sie hielten verbotswidrig innerhalb des Kreisverkehrs (Zeichen 215) auf der Fahrbahn und behinderten +) dadurch Andere."
"318","141432","Sie parkten verbotswidrig innerhalb des Kreisverkehrs (Zeichen 215) auf der Fahrbahn."
"319","141433","Sie parkten verbotswidrig innerhalb des Kreisverkehrs (Zeichen 215) auf der Fahrbahn und behinderten +) dadurch Andere."
"320","141434","Sie parkten verbotswidrig länger als 1 Stunde innerhalb des Kreisverkehrs (Zeichen 215) auf der Fahrbahn."
"321","141435","Sie parkten verbotswidrig länger als 1 Stunde innerhalb des Kreisverkehrs (Zeichen 215) auf der Fahrbahn und behinderten +) dadurch Andere."
"322","141442","Sie parkten auf einem Reitweg (Zeichen 238)."
"323","141443","Sie parkten auf einem Reitweg (Zeichen 238) und behinderten +) dadurch Andere."
"324","141444","Sie parkten länger als 1 Stunde auf einem Reitweg (Zeichen 238)."
"325","141445","Sie parkten länger als 1 Stunde auf einem Reitweg (Zeichen 238) und behinderten +) dadurch Andere."
"326","141518","Sie parkten verbotswidrig im Bereich <einer Feuerwehranfahrtszone/einer Feuerwehrzufahrt/eines Rettungsweges> (Zeichen 283 mit Zusatzzeichen) und behinderten +) dadurch ein Rettungsfahrzeug im Einsatz."
"327","141522","Sie hielten auf einer Fahrradstraße (Zeichen 244.1, 244.2) und gefährdeten +) dadurch Andere."
"328","141523","Sie hielten auf einer Fahrradstraße (Zeichen 244.1, 244.2). Es kam zum Unfall."
"329","141525","Sie parkten auf einer Fahrradstraße (Zeichen 244.1, 244.2) und behinderten +) dadurch Andere."
"330","141526","Sie parkten länger als 1 Stunde auf einer Fahrradstraße (Zeichen 244.1, 244.2)."
"331","141527","Sie parkten länger als 1 Stunde auf einer Fahrradstraße (Zeichen 244.1, 244.2) und behinderten +) dadurch Andere."
"332","141528","Sie parkten auf einer Fahrradstraße (Zeichen 244.1, 244.2) und gefährdeten +) dadurch Andere."
"333","141529","Sie parkten auf einer Fahrradstraße (Zeichen 244.1, 244.2). Es kam zum Unfall."
"334","141533","Sie parkten in einem Verkehrsbereich, der für Sie durch Zeichen 257-<50/54/55/56/57/58> gesperrt war und behinderten +) dadurch Andere."
"335","141534","Sie parkten länger als 3 Stunden in einem Verkehrsbereich, der für Sie durch Zeichen 257-<50/54/55/56/57/58> gesperrt war."
"336","141572","Sie hielten auf einem <Radweg/Radfahrstreifen> (Zeichen 237) und gefährdeten +) dadurch Andere."
"337","141573","Sie hielten auf einem <Radweg/Radfahrstreifen> (Zeichen 237). Es kam zum Unfall."
"338","141583","Sie parkten in einem Verkehrsbereich, der für Sie durch Zeichen <262/263/264/265/266/267> gesperrt war und behinderten +) dadurch Andere."
"339","141584","Sie parkten länger als 3 Stunden in einem Verkehrsbereich, der für Sie durch Zeichen <262/263/264/265/266/267> gesperrt war."
"340","141592","Sie hielten auf einem Geh- und Radweg (Zeichen <240/241>) und gefährdeten +) dadurch Andere."
"341","141593","Sie hielten auf einem Geh- und Radweg (Zeichen <240/241>). Es kam zum Unfall."
"342","141621","Sie nahmen trotz eines Verkehrsverbots zur Verminderung schädlicher Luftverunreinigungen (Zeichen 270.1, 270.2) mit einem Kraftfahrzeug am Verkehr teil."
"343","141622","Sie hielten innerhalb einer Grenzmarkierung (Zeichen 299) für ein Haltverbot im Bereich eines Bussonderfahrstreifens (Zeichen 245) und behinderten +) dadurch Andere."
"344","141623","Sie hielten innerhalb einer Grenzmarkierung (Zeichen 299) für ein Haltverbot im Bereich eines Bussonderfahrstreifens (Zeichen 245) und gefährdeten +) dadurch Andere."
"345","141624","Sie hielten innerhalb einer Grenzmarkierung (Zeichen 299) für ein Haltverbot im Bereich eines Bussonderfahrstreifens (Zeichen 245). Es kam zum Unfall."
"346","141737","Sie hielten mit einem Kraftfahrzeug über 3,5 t zul. Gesamtmasse (ausgenommen PKW und KOM) <auf dem Gehweg/auf dem gemeinsamen Geh- und Radweg/auf dem Gehweg des getrennten Rad- und Gehwegs/im Bereich einer Fußgängerzone>, obwohl dieser für Sie durch Zeichen <239/240/241/242.1> gesperrt war."
"347","141775","Sie parkten auf einem <Radweg/Radfahrstreifen> (Zeichen 237) und behinderten +) dadurch Andere."
"348","141776","Sie parkten länger als 1 Stunde auf einem <Radweg/Radfahrstreifen> (Zeichen 237)."
"349","141777","Sie parkten länger als 1 Stunde auf einem <Radweg/Radfahrstreifen> (Zeichen 237) und behinderten +) dadurch Andere."
"350","141778","Sie parkten auf einem <Radweg/Radfahrstreifen> (Zeichen 237) und gefährdeten +) dadurch Andere."
"351","141779","Sie parkten auf einem <Radweg/Radfahrstreifen> (Zeichen 237). Es kam zum Unfall."
"352","141785","Sie parkten <auf dem Gehweg/auf dem gemeinsamen Geh- und Radweg/auf dem Gehweg eines getrennten Rad- und Gehwegs/im Bereich einer Fußgängerzone>, der durch Zeichen <239/240/241/242.1> gesperrt war und behinderten +) dadurch Andere."
"353","141786","Sie parkten länger als 3 Stunden <auf dem Gehweg/auf dem gemeinsamen Geh- und Radweg/auf dem Gehweg eines getrennten Rad- und Gehwegs/im Bereich einer Fußgängerzone> der durch Zeichen <239/240/241/242.1> gesperrt war."
"354","141795","Sie parkten auf einem Geh- und Radweg (Zeichen <240/241>) und behinderten +) dadurch Andere."
"355","141796","Sie parkten länger als 1 Stunde auf einem Geh- und Radweg (Zeichen <240/241>)."
"356","141797","Sie parkten länger als 1 Stunde auf einem Geh- und Radweg (Zeichen <240/241>) und behinderten +) dadurch Andere."
"357","141798","Sie parkten auf einem Geh- und Radweg (Zeichen <240/241>) und gefährdeten +) dadurch Andere."
"358","141799","Sie parkten auf einem Geh- und Radweg (Zeichen <240/241>). Es kam zum Unfall."
"359","141818","Sie parkten in einem Abstand von weniger als 15 Metern von einem Haltestellenschild (Zeichen 224) und behinderten +) dadurch Andere."
"360","141819","Sie parkten in einem Abstand von weniger als 15 Metern von einem Haltestellenschild (Zeichen 224) und gefährdeten +) dadurch Andere."
"361","141820","Sie parkten in einem Abstand von weniger als 15 Metern von einem Haltestellenschild (Zeichen 224). Es kam zum Unfall."
"362","141821","Sie parkten länger als 3 Stunden in einem Abstand von weniger als 15 Metern von einem Haltestellenschild (Zeichen 224)."
"363","141822","Sie parkten länger als 3 Stunden in einem Abstand von weniger als 15 Metern von einem Haltestellenschild (Zeichen 224) und behinderten +) dadurch Andere."
"364","141823","Sie parkten länger als 3 Stunden in einem Abstand von weniger als 15 Metern von einem Haltestellenschild (Zeichen 224) und gefährdeten +) dadurch Andere."
"365","141824","Sie parkten länger als 3 Stunden in einem Abstand von weniger als 15 Metern von einem Haltestellenschild (Zeichen 224). Es kam zum Unfall."
"366","141825","Sie hielten auf einem Bussonderfahrstreifen (Zeichen 245) und behinderten +) dadurch Andere."
"367","141826","Sie hielten auf einem Bussonderfahrstreifen (Zeichen 245) und gefährdeten +) dadurch Andere."
"368","141827","Sie hielten auf einem Bussonderfahrstreifen (Zeichen 245). Es kam zum Unfall."
"369","141828","Sie parkten auf einem Bussonderfahrstreifen (Zeichen 245) und behinderten +) dadurch Andere."
"370","141829","Sie parkten auf einem Bussonderfahrstreifen (Zeichen 245) und gefährdeten +) dadurch Andere."
"371","141830","Sie parkten auf einem Bussonderfahrstreifen (Zeichen 245). Es kam zum Unfall."
"372","141831","Sie parkten länger als 3 Stunden auf einem Bussonderfahrstreifen (Zeichen 245)."
"373","141832","Sie parkten länger als 3 Stunden auf einem Bussonderfahrstreifen (Zeichen 245) und behinderten +) dadurch Andere."
"374","141833","Sie parkten länger als 3 Stunden auf einem Bussonderfahrstreifen (Zeichen 245) und gefährdeten +) dadurch Andere."
"375","141834","Sie parkten länger als 3 Stunden auf einem Bussonderfahrstreifen (Zeichen 245). Es kam zum Unfall."
"376","141842","Sie parkten innerhalb einer Grenzmarkierung (Zeichen 299) für ein Parkverbot im Bereich <einer Haltestelle (Zeichen 224)/eines Bussonderfahrstreifens (Zeichen 245)> und behinderten +) dadurch Andere."
"377","141843","Sie parkten innerhalb einer Grenzmarkierung (Zeichen 299) für ein Parkverbot im Bereich <einer Haltestelle (Zeichen 224)/eines Bussonderfahrstreifens (Zeichen 245)> und gefährdeten +) dadurch Andere."
"378","141844","Sie parkten innerhalb einer Grenzmarkierung (Zeichen 299) für ein Parkverbot im Bereich <einer Haltestelle (Zeichen 224)/eines Bussonderfahrstreifens (Zeichen 245)>. Es kam zum Unfall."
"379","141845","Sie parkten länger als 3 Stunden innerhalb einer Grenzmarkierung (Zeichen 299) für ein Parkverbot im Bereich <einer Haltestelle (Zeichen 224)/eines Bussonderfahrstreifens (Zeichen 245)>."
"380","141846","Sie parkten länger als 3 Stunden innerhalb einer Grenzmarkierung (Zeichen 299) für ein Parkverbot im Bereich <einer Haltestelle (Zeichen 224)/eines Bussonderfahrstreifens (Zeichen 245)> und behinderten +) dadurch Andere."
"381","141847","Sie parkten länger als 3 Stunden innerhalb einer Grenzmarkierung (Zeichen 299) für ein Parkverbot im Bereich <einer Haltestelle (Zeichen 224)/eines Bussonderfahrstreifens (Zeichen 245)> und gefährdeten +) dadurch Andere."
"382","141848","Sie parkten länger als 3 Stunden innerhalb einer Grenzmarkierung (Zeichen 299) für ein Parkverbot im Bereich <einer Haltestelle (Zeichen 224)/eines Bussonderfahrstreifens (Zeichen 245)>. Es kam zum Unfall."
"383","141865","Sie parkten in einem Verkehrsbereich, der durch Zeichen <250/251/253/255/260> gesperrt war und behinderten +) dadurch Andere."
"384","141866","Sie parkten länger als 3 Stunden in einem Verkehrsbereich, der durch Zeichen <250/251/253/255/260> gesperrt war."
"385","142103","Sie parkten in einem verkehrsberuhigten Bereich (Zeichen 325.1, 325.2) verbotswidrig außerhalb der zum Parken gekennzeichneten Flächen."
"386","142104","Sie parkten in einem verkehrsberuhigten Bereich (Zeichen 325.1, 325.2) verbotswidrig außerhalb der zum Parken gekennzeichneten Flächen und behinderten +) dadurch Andere."
"387","142106","Sie parkten in einem verkehrsberuhigten Bereich (Zeichen 325.1, 325.2) verbotswidrig außerhalb der zum Parken gekennzeichneten Flächen länger als 3 Stunden."
"388","142107","Sie parkten in einem verkehrsberuhigten Bereich (Zeichen 325.1, 325.2) verbotswidrig außerhalb der zum Parken gekennzeichneten Flächen länger als 3 Stunden und behinderten +) dadurch Andere."
"389","142154","Sie hielten unberechtigt in einer Nothalte- und Pannenbucht (Zeichen 328)."
"390","142160","Sie parkten unberechtigt in einer Nothalte- und Pannenbucht (Zeichen 328)."
"391","142170","Sie hielten verbotswidrig auf einem Schutzstreifen für den Radverkehr (Zeichen 340)."
"392","142202","Sie parkten bei Zeichen 315 auf dem Gehweg, obwohl dies durch Zusatzzeichen *) für Sie verboten war."
"393","142203","Sie parkten bei Zeichen 315 auf dem Gehweg, obwohl dies durch Zusatzzeichen *) für Sie verboten war, und behinderten +) dadurch Andere."
"394","142204","Sie parkten bei Zeichen 315 länger als 3 Stunden auf dem Gehweg, obwohl dies durch Zusatzzeichen *) für Sie verboten war."
"395","142205","Sie parkten bei Zeichen 315 länger als 3 Stunden auf dem Gehweg, obwohl dies durch Zusatzzeichen *) für Sie verboten war, und behinderten +) dadurch Andere."
"396","142212","Sie parkten auf einem Gehweg, der durch Zeichen 315 für Fahrzeuge bis zu 2,8 t zum Gehwegparken freigegeben war, obwohl Ihr Fahrzeug mehr als 2,8 t zulässige Gesamtmasse hat."
"397","142213","Sie parkten auf einem Gehweg, der durch Zeichen 315 für Fahrzeuge bis zu 2,8 t zum Gehwegparken freigegeben war, obwohl Ihr Fahrzeug mehr als 2,8 t zulässige Gesamtmasse hat, und behinderten +) dadurch Andere."
"398","142214","Sie parkten länger als 3 Stunden auf einem Gehweg, der durch Zeichen 315 für Fahrzeuge bis zu 2,8 t zum Gehwegparken freigegeben war, obwohl Ihr Fahrzeug mehr als 2,8 t zulässige Gesamtmasse hat."
"399","142215","Sie parkten länger als 3 Stunden auf einem Gehweg, der durch Zeichen 315 für Fahrzeuge bis zu 2,8 t zum Gehwegparken freigegeben war, obwohl Ihr Fahrzeug mehr als 2,8 t zulässige Gesamtmasse hat, und behinderten +) dadurch Andere."
"400","142222","Sie parkten auf einem Gehweg entgegen der durch Zeichen 315 vorgeschriebenen Aufstellungsart."
"401","142223","Sie parkten auf einem Gehweg entgegen der durch Zeichen 315 vorgeschriebenen Aufstellungsart und behinderten +) dadurch Andere."
"402","142224","Sie parkten länger als 3 Stunden auf einem Gehweg entgegen der durch Zeichen 315 vorgeschriebenen Aufstellungsart."
"403","142225","Sie parkten länger als 3 Stunden auf einem Gehweg entgegen der durch Zeichen 315 vorgeschriebenen Aufstellungsart und behinderten +) dadurch Andere."
"404","142232","Sie parkten auf dem Gehweg, auf dem das Parken durch Zeichen 315 zugelassen war, über die auf dem Zusatzzeichen angegebene Zeit hinaus."
"405","142233","Sie parkten auf dem Gehweg, auf dem das Parken durch Zeichen 315 zugelassen war, über die auf dem Zusatzzeichen angegebene Zeit hinaus und behinderten +) dadurch Andere."
"406","142234","Sie parkten länger als 3 Stunden auf dem Gehweg, auf dem das Parken durch Zeichen 315 zugelassen war, über die auf dem Zusatzzeichen angegebene Zeit hinaus."
"407","142235","Sie parkten länger als 3 Stunden auf dem Gehweg, auf dem das Parken durch Zeichen 315 zugelassen war, über die auf dem Zusatzzeichen angegebene Zeit hinaus und behinderten +) dadurch Andere."
"408","142242","Sie parkten außerhalb einer geschlossenen Ortschaft auf einer Vorfahrtstraße (Zeichen 306)."
"409","142243","Sie parkten außerhalb einer geschlossenen Ortschaft auf einer Vorfahrtsstraße (Zeichen 306) und behinderten +) dadurch Andere."
"410","142244","Sie parkten länger als 3 Stunden außerhalb einer geschlossenen Ortschaft auf einer Vorfahrtsstraße (Zeichen 306)."
"411","142245","Sie parkten länger als 3 Stunden außerhalb einer geschlossenen Ortschaft auf einer Vorfahrtsstraße (Zeichen 306) und behinderten +) dadurch Andere."
"412","142252","Sie parkten auf einem Sonderparkplatz für Bewohner (Zeichen <314/315>) mit Zusatzzeichen für ""Bewohner mit besonderem Parkausweis"". Ein besonderer Parkausweis lag nicht gut lesbar aus."
"413","142253","Sie parkten auf einem Sonderparkplatz für Bewohner (Zeichen <314/315>) mit Zusatzzeichen für ""Bewohner mit besonderem Parkausweis"" und behinderten +) dadurch Andere. Ein besonderer Parkausweis lag nicht gut lesbar aus."
"414","142254","Sie parkten länger als 3 Stunden auf einem Sonderparkplatz für Bewohner (Zeichen <314/315>) mit Zusatzzeichen für ""Bewohner mit besonderem Parkausweis"". Ein besonderer Parkausweis lag nicht gut lesbar aus."
"415","142255","Sie parkten länger als 3 Stunden auf einem Sonderparkplatz für Bewohner (Zeichen <314/315>) mit Zusatzzeichen für ""Bewohner mit besonderem Parkausweis"" und behinderten +) dadurch Andere. Ein besonderer Parkausweis lag nicht gut lesbar aus."
"416","142262","Sie parkten auf einem Parkplatz (Zeichen 314), obwohl dies durch Zusatzzeichen *) für Sie verboten war."
"417","142263","Sie parkten auf einem Parkplatz (Zeichen 314), obwohl dies durch Zusatzzeichen *) für Sie verboten war, und behinderten +) dadurch Andere."
"418","142264","Sie parkten länger als 3 Stunden auf einem Parkplatz (Zeichen 314), obwohl dies durch Zusatzzeichen *) für Sie verboten war."
"419","142265","Sie parkten länger als 3 Stunden auf einem Parkplatz (Zeichen 314), obwohl dies durch Zusatzzeichen *) für Sie verboten war, und behinderten +) dadurch Andere."
"420","142278","Sie parkten auf einem Sonderparkplatz für Schwerbehinderte mit außergewöhnlicher Gehbehinderung, beidseitiger Amelie oder Phokomelie, mit vergleichbaren Funktionseinschränkungen sowie für blinde Menschen (Zeichen <314/315> und Zusatzzeichen mit Rollstuhlfahrersinnbild). Ein besonderer Parkausweis lag nicht gut lesbar aus."
"421","142284","Sie parkten unberechtigt auf einem Parkplatz für elektrisch betriebene Fahrzeuge (Zeichen <314/315>) mit Zusatzzeichen."
"422","142290","Sie parkten unberechtigt auf einem Parkplatz für Carsharingfahrzeuge (Zeichen <314/315>) mit Zusatzzeichen. Eine Carsharingplakette war nicht deutlich sichtbar angebracht."
"423","142671","Sie hielten verbotswidrig auf einem Schutzstreifen für den Radverkehr (Zeichen 340) und behinderten +) dadurch Andere."
"424","142672","Sie hielten verbotswidrig auf einem Schutzstreifen für den Radverkehr (Zeichen 340) und gefährdeten +) dadurch Andere."
"425","142673","Sie hielten verbotswidrig auf einem Schutzstreifen für den Radverkehr (Zeichen 340). Es kam zum Unfall."
